scheda_doppia;nome;team_doppia;categoria;scheda_vera;fonte;team_vera
BRAFA_FEDERICO;BRAFA Federico;Biesse - Carrera - Premac;JUN_M;BRAFA_FEDERICO_ROSARIO;FCI 2026;BIESSE - CARRERA - PREMAC
ZANETTI_ALESSANDRO;Zanetti Alessandro;Ciclistica Rostese;ELI_M;ZANETTI_ALESSANDRO_ROMEO;archivio;
CASTRO_SEBASTIAN;CASTRO Sebastián;MOVISTAR TEAM ACADEMY;JUN_M;CASTRO_CASTRO_SEBASTIAN_ENRIQUE;archivio;
CUBILLAS_JAVIER;CUBILLAS Javier;MOVISTAR TEAM ACADEMY;JUN_M;CUBILLAS_SALVADOR_JAVIER;FCI 2026;MOVISTAR TEAM ACADEMY
PARETA_ROGER;PARETA Roger;MOVISTAR TEAM ACADEMY;JUN_M;PARETA_SALA_ROGER;FCI 2026;MOVISTAR TEAM ACADEMY
DANTE_ALESSANDRO;DANTE Alessandro;Solme - Olmo - Arvedi;ELI_M;DANTE_ALESSANDRO_MARIO;archivio;
KINGSTON_MATTHEW;KINGSTON Matthew;MG K-VIS COSTRUZIONI E AMBIENTE;JUN_M;KINGSTON_MATTHEW_JONATHAN;archivio;
MARTINEZ_AITOR;MARTÍNEZ Aitor;TEAM VANGI TOMMASINI IL PIRATA;JUN_M;MARTINEZ_GROSET_AITOR;FCI 2026;TEAM VANGI TOMMASINI IL PIRATA
GAGGIOLI_LUCIANO;GAGGIOLI Luciano;TEAM VANGI TOMMASINI IL PIRATA;JUN_M;GAGGIOLI_LUCIANO_WILLIAM;FCI 2026;TEAM VANGI TOMMASINI IL PIRATA
PALOMBI_RAFFAELE;PALOMBI Raffaele;TEAM NERI SOTTOLI LUCCHINI ENERGY;JUN_M;PALOMBI_RAFFAELE_LUIGI;archivio;
POSADA_JOSE_MANUEL;POSADA Jose Manuel;CPS PROFESSIONAL TEAM;JUN_M;POSADA_FRANCO_JOSE_MANUEL;FCI 2026;CPS PROFESSIONAL TEAM
COLAPRICO_FABIO;COLAPRICO Fabio;TEAM BELVEDERE;JUN_M;COLAPRICO_FABIO_GIUSEPPE;archivio;
GROSSO_MANUEL;GROSSO Manuel;TEAM BELVEDERE;JUN_M;GROSSO_LA_VALLE_MANUEL;archivio;
CANCHON_JUAN_ESTEBAN;CANCHON Juan Esteban;CICLISTICA TREVIGLIESE;JUN_M;CANCHON_GIL_JUAN_ESTEBAN;FCI 2026;CICLISTICA TREVIGLIESE
BUONGIORNO_SIMONE;BUONGIORNO Simone;BELTRAMI TSA TRE COLLI;JUN_M;BUONGIORNO_SIMONE_LEONARDO;archivio;
CRUZ_EDWARD;CRUZ Edward;BARDIANI-CSF 7 SABER;JUN_M;CRUZ_MARTINEZ_EDWARD_SANTIAGO;archivio;
HERRENO_MARTIN_SANTIAGO;HERREÑO Martin Santiago;BARDIANI-CSF 7 SABER;JUN_M;HERRENO_POLANIA_MARTIN_SANTIAGO;archivio;
ZERAY_NAHOM;ZERAY Nahom;TEAM UKYO;JUN_M;ARAYA_NAHOM_ZERAY;FCI 2026;TEAM UKYO
GRUSZCZYNSKI_FILIP;GRUSZCZYŃSKI Filip;MBH BANK CSB TELECOM FORT;JUN_M;GRUSZCZYNSKI_FILIP_JAKUB;archivio;
GONZALEZ_ROBERTO_CARLOS;GONZÁLEZ Roberto Carlos;SOLUTION TECH NIPPO RALI;JUN_M;GONZALEZ_ROBERTO;archivio;
UMBA_SANTIAGO;UMBA Santiago;SOLUTION TECH NIPPO RALI;JUN_M;UMBA_LOPEZ_ABNER_SANTIAGO;FCI 2026;SOLUTION TECH NIPPO RALI
ROBERTS_JOHN_SHAW;ROBERTS John Shaw;ZAPPI RACING TEAM;JUN_M;ROBERTS_JOHN;FCI 2026;ZAPPI RACING TEAM
BLASI_PAULA;BLASI Paula;UAE TEAM ADQ;JUN_M;BLASI_CAIROL_PAULA;FCI 2026;UAE TEAM ADQ
SKALNIAK_SOJKA_AGNIESZKA;SKALNIAK-SÓJKA Agnieszka;CANYON SRAM ZONDACRYPTO;JUN_M;SKALNIAK_AGNIESZKA;archivio;
CLEMMENSEN_THEODOR_AUGUST;CLEMMENSEN Theodor August;RED BULL-BORA-HANSGROHE ROOKIES;JUN_M;CLEMMENSEN_THEODOR;archivio;
M_LLER_ANDERSEN_NOAH_LINDHOLM;MØLLER ANDERSEN Noah Lindholm;RED BULL-BORA-HANSGROHE ROOKIES;JUN_M;ANDERSEN_NOAH_LINDHOLM;archivio;
JASIM_SAIF_JASIM_AL_ALI_ABDULLA;JASIM SAIF JASIM AL-ALI Abdulla;UAE TEAM EMIRATES GEN-Z;JUN_M;JASIM_AL_ALI_ABDULLA;archivio;
RAMIREZ_MATEO;RAMÍREZ Mateo;UAE TEAM EMIRATES GEN-Z;JUN_M;RAMIREZ_TORRES_MATEO_PABLO;FCI 2026;UAE TEAM EMIRATES GEN-Z
ALVAREZ_HECTOR;ÁLVAREZ Héctor;LIDL-TREK FUTURE RACING;ELI_M;ALVAREZ_MARTINEZ_HECTOR;archivio;
MARIVOET_DUARTE;MARIVOET Duarte;LOTTO -GROUPE WANTY;JUN_M;MARIVOET_SCHOLIERS_DUARTE;FCI 2026;LOTTO GROUPE WANTY
CARINGI_ROBERTO;CARINGI Roberto;AUDAX FIORMONTI;JUN_M;CARINGI_ROBERTO_MARCO_MARIA;archivio;
MEDEOT_TOMAZ;MEDEOT Tomaz;TEAM TIEPOLO U19 DEVO;JUN_M;LOVER_MEDEOT_TOMAZ;FCI 2026;TEAM TIEPOLO U19 DEVO
TRICA_THEODOR;TRICA Theodor;TEAM TIEPOLO U19 DEVO;JUN_M;TRICA_THEODOR_STEFAN;archivio;
KHATIEB_FARAZ;KHATIEB Faraz;VELEKA TEAM;JUN_M;FARAZ_KHATIEB;FCI 2026;VELEKA TEAM
ANDRADE_OMAR;ANDRADE Omar;A.R.MONEX PRO CYCLING TEAM;JUN_M;ANDRADE_FERNANDEZ_OMAR;FCI 2026;A.R.MONEX PRO CYCLING TEAM
FERNANDEZ_JORGE;FERNANDEZ Jorge;A.R.MONEX PRO CYCLING TEAM;JUN_M;FERNANDEZ_RUIZ_JORGE_LUIS;FCI 2026;A.R.MONEX PRO CYCLING TEAM
MORENO_DANIEL;MORENO Daniel;A.R.MONEX PRO CYCLING TEAM;JUN_M;MORENO_GARCIA_DANIEL_SANTIAGO;FCI 2026;A.R.MONEX PRO CYCLING TEAM
RODRIGUEZ_JOSE_EMILIO;RODRIGUEZ José Emilio;A.R.MONEX PRO CYCLING TEAM;JUN_M;RODRIGUEZ_DELGADO_JOSE_EMILIO;FCI 2026;MESSICO
SANTIAGO_RICARDO;SANTIAGO Ricardo;A.R.MONEX PRO CYCLING TEAM;JUN_M;SANTIAGO_GARCIA_RICARDO;FCI 2026;A.R.MONEX PRO CYCLING TEAM
ZAMUDIO_GIANLUIGI;ZAMUDIO Gianluigi;A.R.MONEX PRO CYCLING TEAM;JUN_M;ZAMUDIO_PEREZ_GIANLUIGI;FCI 2026;A.R.MONEX PRO CYCLING TEAM
BRAVO_HENRIQUE;BRAVO Henrique;SOUDAL QUICK-STEP DEVO TEAM;JUN_M;RIBEIRO_BRAVO_HENRIQUE;FCI 2026;SOUDAL QUICK-STEP DEVO TEAM
KUNTARIC_VANJA;KUNTARIČ Vanja;POGI TEAM UAE GENERALI;JUN_M;KUNTARIC_ZIBERT_VANJA;FCI 2026;SLOVENIA NATIONAL TEAM
LOPEZ_DIEGO;LOPEZ Diego;SOUDAL QUICK-STEP JUNIOR TEAM;JUN_M;LOPEZ_ORTIZ_DIEGO;archivio;
MORALES_JONATHAN;MORALES Jonathan;PETROLIKE;JUN_M;MORALES_ORTIZ_JONATHAN;archivio;
PRIETO_JOSE_JUAN;PRIETO José Juan;PETROLIKE;JUN_M;PRIETO_DE_LUNA_JOSE_JUAN;FCI 2026;PETROLIKE
ADRIA_ROGER;ADRIÀ ROGER;MOVISTAR TEAM ACADEMY;ELI_M;ADRIA_OLIVERAS_ROGER;archivio;
AGIRRE_JON;AGIRRE JON;EUSKALTEL - EUSKADI;ELI_M;AGIRRE_EGANA_JON;archivio;
ALMEIDA_JOAO;ALMEIDA JOÃO;SCONOSCIUTO;ELI_M;ALMEIDA_GONCALVES_JOAO_PEDRO;archivio;
ALONSO_PABLO;ALONSO PABLO;SCONOSCIUTO;ELI_M;MONTES_PABLO_ALONSO;archivio;
BALDIE_JACK;BALDIE JACK;SOLME - OLMO - ARVEDI;ELI_M;BALDIE_JACK_WILLIAM;FCI 2026;SOLME - OLMO - ARVEDI
BALLIANA_ENRICO_ANDREA;BALLIANA ENRICO ANDREA;GALLINA ECOTEK LUCCHINI;JUN_M;BALLIANA_ENRICO;FCI 2026;TEAM ECOTEK ZERO24
BINDA_ROSSETTI;BINDA ROSSETTI;U.C.A.B. 1925 BIELLA - SEMPERLUX;JUN_M;BINDA_ROSSETTI_GABRIELE;archivio;
BIRKEDAL_JULIUS_L_VSTRUP;BIRKEDAL JULIUS LØVSTRUP;DENMARK;ELI_M;BIRKEDAL_JULIUS;FCI 2026;GRENKE - AUTO EDER
BORREMANS_KASPER;BORREMANS KASPER;BAHRAIN VICTORIOUS DEVELOPMENT TEAM;ELI_M;BORREMANS_KASPER_TOBIAS;FCI 2026;BAHRAIN VICTORIOUS DEVELOPMENT TEAM
BRAMINI_GORETTI;BRAMINI GORETTI;UMBRIA;JUN_M;BRAMINI_GORETTI_GIORGIO;FCI 2026;BIESSE - CARRERA - PREMAC
CACCHIO_MICHELE;CACCHIO MICHELE;TEAM GUERRINI SENAGHESE;JUN_M;CACCHIO_MICHELE_PIO;FCI 2026;TEAM GUERRINI SENAGHESE
CAMARGO_DAVID_ALEJANDRO;CAMARGO DAVID ALEJANDRO;GS BORGONUOVO;ELI_M;CAMARGO_HERNANDEZ_DAVID_ALEJANDRO;archivio;
CAMARGO_DIEGO_ANDRES;CAMARGO DIEGO ANDRÉS;PETROLIKE;ELI_M;CAMARGO_PINEDA_DIEGO_ANDRES;archivio;
CAMPAGNOLA_FEDERICO;CAMPAGNOLA FEDERICO;ENERGY TEAM A.S.D.;JUN_M;CAMPAGNOLA_FEDERICO_PIO;archivio;
CSAKI_SZABOLCS;CSÁKI SZABOLCS;TEAM UNITED SHIPPING;ELI_M;SZABOLCS_CSAKI;archivio;
FEDRIZZI_BRANDON;FEDRIZZI BRANDON;BORGO MOLINO-VIGNA FIORITA;JUN_M;FEDRIZZI_BRANDON_DAVIDE;FCI 2026;BORGO MOLINO-VIGNA FIORITA
FELIPE_QUOTADAMO;FELIPE QUOTADAMO;U.C.A.B. 1925 BIELLA - SEMPERLUX;JUN_M;QUOTADAMO_FELIPE;FCI 2026;U.C.A.B. 1925 BIELLA - SEMPERLUX
FIALLA_IDA_DAM;FIALLA IDA DAM;GROUWELS - WATERSLEY R&D;JUN_F;FIALLA_IDA;archivio;
FIOCCHI_FILIPPO;FIOCCHI FILIPPO;G.S. BAREGGESE A.S.D;JUN_M;FIOCCHI_FILIPPO_MARIA;archivio;
GHELFI_LORENZO;GHELFI LORENZO;LUNIGIANA;JUN_M;GHELFI_LORENZO_MASSIMO;FCI 2026;ASD PEDALE CASALESE ARMOFER
GOLLIKER_JOSHUA;GOLLIKER JOSHUA;EF EDUCATION - AEVOLO;ELI_M;GOLLIKER_DAVID_JOSHUA;archivio;
HARASIM_MIHNEA_ALEXANDRU;HARASIM MIHNEA-ALEXANDRU;TEAM SKYLINE;ELI_M;HARASIM_MIHNEA;archivio;
HIGUITA_SERGIO;HIGUITA SERGIO;XDS ASTANA TEAM;ELI_M;HIGUITA_SERGIO_ANDRES;archivio;
HOEKS_DAAN;HOEKS DAAN;GS MALTINTI LAMPADARI BANCA CAMBIANO;ELI_M;HOEKS_DAAN_EDUARD_JAN;archivio;
KELLY_ADAM;KELLY ADAM;CAMPANA IMBALLAGGI MORBIATO TRENTINO;ELI_M;KELLY_ADAM_JON;archivio;
KNUDSEN_OLIVER;KNUDSEN OLIVER;ASD SWATT CLUB;ELI_M;KNUDSEN_OLIVER_BECH;archivio;
LACERDA_JHEMERSON;LACERDA JHEMERSON;TEAM PIERI CALAMAI;JUN_M;LACERDA_MILHOMEM_JHEMERSON;archivio;
LAMPREA_ZARA_SOFIA;LAMPREA ZARA SOFÍA;COLOMBIA;JUN_F;LAMPREA_MORALES_ZARA_SOFIA;FCI 2026;LMC BOGOTA'
LOPEZ_JUAN_PEDRO;LÓPEZ JUAN PEDRO;MOVISTAR TEAM ACADEMY;ELI_M;LOPEZ_PEREZ_JUAN_PEDRO;archivio;
LOTTI_ZENO;LOTTI ZENO;ASD BLACKSHEEPS;JUN_M;LOTTI_ZENO_LEONARDO;archivio;
LUDWIG_CECILIE_UTTRUP;LUDWIG CECILIE UTTRUP;DANIMARCA;ELI_F;LUDWIG_UTTRUP_CECILIE;archivio;
MACIAS_CESAR;MACÍAS CÉSAR;PETROLIKE;ELI_M;MACIAS_ESTRADA_CESAR;archivio;
MANION_VINNIE;MANION VINNIE;WWV HAGENS BERMAN - JAYCO;ELI_M;MANION_VINNIE_NICHOLAS;archivio;
MARANGON_PAOLO;MARANGON PAOLO;PIEMONTE;JUN_M;MARANGON_PAOLO_GRAZIANO;FCI 2026;TEAM GUERRINI SENAGHESE
MARTINEZ_JUAN_GUILLERMO;MARTINEZ JUAN GUILLERMO;Q36.5 CONTINENTAL TEAM;ELI_M;MARTINEZ_HUERTAS_JUAN_GUILLERMO;archivio;
MARTINI_MATTIA;MARTINI MATTIA;SS AQUILA;JUN_M;MARTINI_MATTIA_MURG;archivio;
MESSEMER_JOELLE_AMELIE;MESSEMER JOELLE AMELIE;CANYON//SRAM GENERATION;ELI_F;MESSEMER_JOELLE;archivio;
MIGHELI_MANUELE;MIGHELI MANUELE;POLISPORTIVA TRIPETETOLO SEANESE;ELI_M;MIGHELI_MANUELE_GEROLAMO;archivio;
MILHOMEM_JHEMERSON;MILHOMEM JHEMERSON;TEAM PIERI CALAMAI;JUN_M;LACERDA_MILHOMEM_JHEMERSON;archivio;
MORGADO_ANTONIO;MORGADO ANTÓNIO;UAE TEAM EMIRATES - XRG;ELI_M;MORGADO_TOMAS_ANTONIO;archivio;
MUNIZ_JOSE_RAMON;MUÑIZ JOSÉ RAMÓN;PETROLIKE;ELI_M;MUNIZ_VAZQUEZ_JOSE_RAMON;archivio;
MURGUIALDAY_JOKIN;MURGUIALDAY JOKIN;EUSKALTEL - EUSKADI;ELI_M;MURGUIALDAY_ELORZA_JOKIN;archivio;
NEIRA_ALEJANDRA;NEIRA ALEJANDRA;SPAIN;JUN_F;DOMINGUEZ_NEIRA_ALEJANDRA;FCI 2026;SPAGNA
NOVAL_BENJAMIN;NOVAL BENJAMÍN;SPAIN;JUN_M;NOVAL_SUAREZ_BENJAMIN;FCI 2026;SPAGNA
PATTINSON_TOMOS;PATTINSON TOMOS;EF EDUCATION - AEVOLO;ELI_M;PATTINSON_OWAIN_TOMOS;FCI 2026;TEAM VISMA | LEASE A BIKE DEVELOPMENT
PEDERSEN_RASMUS_LUND;PEDERSEN RASMUS LUND;SCONOSCIUTO;ELI_M;LUND_RASMUS;archivio;
PEREZ_CIRO;PÉREZ CIRO;AVC AIX EN PROVENCE DOLE;ELI_M;PEREZ_ALVAREZ_CIRO;archivio;
PERICAS_ADRIA;PERICAS ADRIÀ;UAE TEAM EMIRATES - XRG;ELI_M;PERICAS_CAPDEVILA_ADRIA;archivio;
PESCADOR_DIEGO;PESCADOR DIEGO;MOVISTAR TEAM ACADEMY;ELI_M;PESCADOR_CASTRO_DIEGO;archivio;
PINEDA_NATALIA;PINEDA NATALIA;A.R. MONEX WOMEN'S PRO CYCLING TEAM;ELI_F;PINEDA_SOTO_NATALIA;FCI 2026;A.R.MONEX PRO CYCLING TEAM
PLATTNER_JAEL;PLATTNER JAEL;SWITZERLAND;JUN_F;PLATTNER_JAEL_LINDA;archivio;
REISSNER_LENA;REISSNER LENA;LKT TEAM;ELI_F;REISSNER_LENA_CHARLOTTE;archivio;
RICHEZE_ADRIAN;RICHEZE ADRIÁN;SCONOSCIUTO;ELI_M;RICHEZE_ADRIAN_EZEQUIEL;archivio;
RODRIGUEZ_CARLOS;RODRÍGUEZ CARLOS;SPAIN;ELI_M;COLOBON_RODRIGUEZ_CARLOS_EDUARDO;archivio;
RUBIO_EINER;RUBIO EINER;MOVISTAR TEAM ACADEMY;ELI_M;RUBIO_REYES_EINER_AUGUSTO;archivio;
RUIZ_SEBASTIAN;RUIZ SEBASTIAN;MESSICO;ELI_M;RUIZ_TERAN_SEBASTIAN;archivio;
SERRANO_JAVIER;SERRANO JAVIER;TEAM POLTI VISITMALTA;ELI_M;SERRANO_RODRIGUEZ_JAVIER;archivio;
SKIVILD_ROBIN_JUEL;SKIVILD ROBIN JUEL;DENMARK;ELI_M;SKIVILD_ROBIN;archivio;
SOTO_ALEJANDRO;SOTO ALEJANDRO;SPAIN;JUN_M;SOTO_CERVANTES_ALEJANDRO;FCI 2026;SPAGNA
SUAZA_BERNARDO;SUAZA BERNARDO;PETROLIKE;ELI_M;SUAZA_ARANGO_BERNARDO;archivio;
TORRES_PABLO;TORRES PABLO;UAE TEAM EMIRATES GEN-Z;ELI_M;RAMIREZ_TORRES_MATEO_PABLO;FCI 2026;UAE TEAM EMIRATES GEN-Z
VIERO_GUIDO_BRUNO;VIERO GUIDO BRUNO;NORDEST PETRUCCI ASSALI STEFEN;JUN_M;VIERO_GUIDO;FCI 2026;NORDEST PETRUCCI ASSALI STEFEN
WALKER_ZACHARY;WALKER ZACHARY;RIME DRALI;ELI_M;WALKER_ZACHARY_ALBERT;archivio;
ZAPATA_MAURICIO;ZAPATA MAURICIO;PETROLIKE;ELI_M;ZAPATA_ARBOLEDA_MAURICIO;archivio;
ZSEMBERY_BOLDIZSAR;ZSEMBERY BOLDIZSÁR;CAMPANA IMBALLAGGI MORBIATO TRENTINO;ELI_M;ZSEMBERY_BOLDIZSAR_PETER;archivio;